Start Time, Request Type, Latency, Response Code
1710052217615, POST, 53, 201
1710052217614, POST, 54, 201
1710052217612, POST, 56, 201
1710052217611, POST, 57, 201
1710052217611, POST, 57, 201
1710052217607, POST, 61, 201
1710052217606, POST, 62, 201
1710052217605, POST, 63, 201
1710052217605, POST, 63, 201
1710052217605, POST, 63, 201
1710052217605, POST, 63, 201
1710052217604, POST, 64, 201
1710052217605, POST, 64, 201
1710052217605, POST, 64, 201
1710052217604, POST, 65, 201
1710052217601, POST, 68, 201
1710052217601, POST, 68, 201
1710052217601, POST, 68, 201
1710052217601, POST, 68, 201
1710052217600, POST, 69, 201
1710052217600, POST, 69, 201
1710052217600, POST, 69, 201
1710052217597, POST, 72, 201
1710052217596, POST, 73, 201
1710052217596, POST, 73, 201
1710052217592, POST, 77, 201
1710052217592, POST, 77, 201
1710052217592, POST, 77, 201
1710052217591, POST, 78, 201
1710052217591, POST, 78, 201
1710052217591, POST, 78, 201
1710052217590, POST, 79, 201
1710052217590, POST, 79, 201
1710052217589, POST, 80, 201
1710052217589, POST, 80, 201
1710052217589, POST, 80, 201
1710052217588, POST, 81, 201
1710052217586, POST, 83, 201
1710052217586, POST, 83, 201
1710052217585, POST, 84, 201
1710052217584, POST, 85, 201
1710052217583, POST, 86, 201
1710052217581, POST, 88, 201
1710052217579, POST, 90, 201
1710052217579, POST, 90, 201
1710052217577, POST, 92, 201
1710052217576, POST, 93, 201
1710052217575, POST, 94, 201
1710052217574, POST, 95, 201
1710052217574, POST, 95, 201
1710052217573, POST, 96, 201
1710052217570, POST, 99, 201
1710052217570, POST, 99, 201
1710052217569, POST, 100, 201
1710052217569, POST, 100, 201
1710052217568, POST, 101, 201
1710052217568, POST, 101, 201
1710052217568, POST, 101, 201
1710052217567, POST, 102, 201
1710052217567, POST, 102, 201
1710052217565, POST, 104, 201
1710052217565, POST, 104, 201
1710052217565, POST, 104, 201
1710052217564, POST, 105, 201
1710052217564, POST, 105, 201
1710052217564, POST, 105, 201
1710052217564, POST, 105, 201
1710052217563, POST, 106, 201
1710052217563, POST, 106, 201
1710052217563, POST, 106, 201
1710052217562, POST, 107, 201
1710052217562, POST, 107, 201
1710052217562, POST, 107, 201
1710052217562, POST, 107, 201
1710052217562, POST, 107, 201
1710052217562, POST, 107, 201
1710052217562, POST, 107, 201
1710052217561, POST, 108, 201
1710052217561, POST, 108, 201
1710052217561, POST, 108, 201
1710052217561, POST, 108, 201
1710052217560, POST, 109, 201
1710052217559, POST, 110, 201
1710052217559, POST, 110, 201
1710052217558, POST, 111, 201
1710052217557, POST, 112, 201
1710052217557, POST, 112, 201
1710052217557, POST, 112, 201
1710052217556, POST, 113, 201
1710052217555, POST, 114, 201
1710052217554, POST, 115, 201
1710052217554, POST, 115, 201
1710052217551, POST, 118, 201
1710052217551, POST, 118, 201
1710052217551, POST, 118, 201
1710052217549, POST, 120, 201
1710052217548, POST, 121, 201
1710052217547, POST, 122, 201
1710052217547, POST, 122, 201
1710052217546, POST, 123, 201
1710052217546, POST, 123, 201
1710052217545, POST, 124, 201
1710052217543, POST, 126, 201
1710052217539, POST, 130, 201
1710052217539, POST, 130, 201
1710052217538, POST, 131, 201
1710052217537, POST, 132, 201
1710052217535, POST, 134, 201
1710052217534, POST, 135, 201
1710052217533, POST, 136, 201
1710052217533, POST, 136, 201
1710052217532, POST, 137, 201
1710052217532, POST, 137, 201
1710052217530, POST, 139, 201
1710052217529, POST, 140, 201
1710052217529, POST, 140, 201
1710052217527, POST, 142, 201
1710052217525, POST, 144, 201
1710052217525, POST, 144, 201
1710052217493, POST, 176, 201
1710052217491, POST, 178, 201
1710052217484, POST, 185, 201
1710052217482, POST, 187, 201
1710052217482, POST, 187, 201
1710052217481, POST, 188, 201
1710052217481, POST, 188, 201
1710052217480, POST, 189, 201
1710052217480, POST, 189, 201
1710052217480, POST, 189, 201
1710052217479, POST, 190, 201
1710052217479, POST, 190, 201
1710052217479, POST, 190, 201
1710052217479, POST, 190, 201
1710052217474, POST, 195, 201
1710052217474, POST, 195, 201
1710052217473, POST, 196, 201
1710052217473, POST, 196, 201
1710052217471, POST, 198, 201
1710052217471, POST, 198, 201
1710052217471, POST, 198, 201
1710052217470, POST, 199, 201
1710052217470, POST, 199, 201
1710052217470, POST, 199, 201
1710052217470, POST, 199, 201
1710052217469, POST, 200, 201
1710052217468, POST, 201, 201
1710052217465, POST, 204, 201
1710052217463, POST, 206, 201
1710052217461, POST, 208, 201
1710052217460, POST, 209, 201
1710052217460, POST, 209, 201
1710052217459, POST, 210, 201
1710052217459, POST, 210, 201
1710052217457, POST, 212, 201
1710052217457, POST, 212, 201
1710052217457, POST, 212, 201
1710052217455, POST, 214, 201
1710052217452, POST, 217, 201
1710052217450, POST, 219, 201
1710052217444, POST, 225, 201
1710052217377, POST, 292, 201
1710052217377, POST, 292, 201
1710052217241, POST, 428, 201
1710052217239, POST, 430, 201
1710052217237, POST, 432, 201
1710052217236, POST, 433, 201
1710052217235, POST, 434, 201
1710052217234, POST, 435, 201
1710052217233, POST, 436, 201
1710052217233, POST, 436, 201
1710052217225, POST, 444, 201
1710052217223, POST, 446, 201
1710052217222, POST, 447, 201
1710052217218, POST, 451, 201
1710052217218, POST, 451, 201
1710052217214, POST, 455, 201
1710052217213, POST, 456, 201
1710052217210, POST, 459, 201
1710052217207, POST, 462, 201
1710052217207, POST, 462, 201
1710052217202, POST, 467, 201
1710052217201, POST, 468, 201
1710052217199, POST, 470, 201
1710052217199, POST, 470, 201
1710052217198, POST, 471, 201
1710052217197, POST, 472, 201
1710052217197, POST, 472, 201
1710052217195, POST, 474, 201
1710052217193, POST, 476, 201
1710052217193, POST, 476, 201
1710052217191, POST, 478, 201
1710052217191, POST, 478, 201
1710052217187, POST, 482, 201
1710052217176, POST, 493, 201
1710052217170, POST, 499, 201
1710052217164, POST, 505, 201
1710052217163, POST, 506, 201
1710052217162, POST, 507, 201
1710052217159, POST, 510, 201
1710052217158, POST, 511, 201
1710052217155, POST, 514, 201
1710052217150, POST, 519, 201
1710052217146, POST, 523, 201
1710052217146, POST, 523, 201
1710052217143, POST, 526, 201
1710052217137, POST, 532, 201
1710052217137, POST, 532, 201
1710052217126, POST, 543, 201
1710052217105, POST, 564, 201
1710052217104, POST, 565, 201
1710052217097, POST, 572, 201
1710052217096, POST, 573, 201
1710052217096, POST, 573, 201
1710052217096, POST, 573, 201
1710052217091, POST, 578, 201
1710052217087, POST, 582, 201
1710052217083, POST, 586, 201
1710052217080, POST, 589, 201
1710052217077, POST, 592, 201
1710052217075, POST, 594, 201
1710052217073, POST, 596, 201
1710052217072, POST, 597, 201
1710052217065, POST, 604, 201
1710052217053, POST, 616, 201
1710052217030, POST, 639, 201
1710052217030, POST, 639, 201
1710052217030, POST, 639, 201
1710052217029, POST, 640, 201
1710052217028, POST, 641, 201
1710052217029, POST, 641, 201
1710052217028, POST, 642, 201
1710052217025, POST, 645, 201
1710052217025, POST, 645, 201
1710052217024, POST, 646, 201
1710052217024, POST, 646, 201
1710052217023, POST, 647, 201
1710052217021, POST, 649, 201
1710052217020, POST, 650, 201
1710052217018, POST, 652, 201
1710052216977, POST, 693, 201
1710052216976, POST, 694, 201
1710052216970, POST, 700, 201
1710052216970, POST, 700, 201
1710052216969, POST, 701, 201
1710052216965, POST, 705, 201
1710052216964, POST, 706, 201
1710052216962, POST, 708, 201
1710052216961, POST, 709, 201
1710052216959, POST, 711, 201
1710052216958, POST, 712, 201
1710052216957, POST, 713, 201
1710052216956, POST, 714, 201
1710052216955, POST, 715, 201
1710052216955, POST, 715, 201
1710052216951, POST, 719, 201
1710052216755, POST, 915, 201
1710052216744, POST, 926, 201
1710052216743, POST, 927, 201
1710052216741, POST, 929, 201
1710052216739, POST, 931, 201
1710052216737, POST, 933, 201
1710052216731, POST, 939, 201
1710052216731, POST, 939, 201
1710052216730, POST, 940, 201
1710052216726, POST, 944, 201
1710052216725, POST, 945, 201
1710052216725, POST, 945, 201
1710052216725, POST, 945, 201
1710052216724, POST, 946, 201
1710052216723, POST, 947, 201
1710052216719, POST, 951, 201
1710052216717, POST, 953, 201
1710052216717, POST, 953, 201
1710052216716, POST, 954, 201
1710052216684, POST, 986, 201
1710052216682, POST, 988, 201
1710052216676, POST, 994, 201
1710052216676, POST, 994, 201
1710052216674, POST, 996, 201
1710052216674, POST, 996, 201
1710052216674, POST, 996, 201
1710052216674, POST, 996, 201
1710052216673, POST, 997, 201
1710052216672, POST, 998, 201
1710052216671, POST, 999, 201
1710052216665, POST, 1005, 201
1710052216659, POST, 1011, 201
1710052216652, POST, 1018, 201
1710052214391, POST, 3279, 201
1710052214391, POST, 3279, 201
1710052214391, POST, 3279, 201
1710052214391, POST, 3279, 201
1710052214390, POST, 3280, 201
1710052214390, POST, 3280, 201
1710052214389, POST, 3281, 201
1710052214389, POST, 3281, 201
1710052214387, POST, 3283, 201
1710052214385, POST, 3285, 201
1710052214385, POST, 3285, 201
1710052214383, POST, 3287, 201
1710052214382, POST, 3288, 201
1710052214382, POST, 3288, 201
1710052214381, POST, 3289, 201
1710052214381, POST, 3289, 201
1710052214381, POST, 3289, 201
1710052214380, POST, 3290, 201
1710052214378, POST, 3292, 201
1710052214378, POST, 3292, 201
1710052214378, POST, 3292, 201
1710052214377, POST, 3293, 201
1710052214377, POST, 3293, 201
1710052214377, POST, 3293, 201
1710052214374, POST, 3296, 201
1710052214374, POST, 3296, 201
1710052214373, POST, 3297, 201
1710052214373, POST, 3297, 201
1710052214373, POST, 3297, 201
1710052214373, POST, 3297, 201
1710052214372, POST, 3298, 201
1710052214372, POST, 3298, 201
